Combination:,,Spring 2023,Spring 2022,Spring 2020
BIO 105,PHYS 125,1,1,0
BIO 105,MATH 120,0,0,1
BIO 105,MATH 110 ,0,0,1
BIO 105,CHEM 120,4,8,0
BIO 105,CHEM 150,1,0,0
BIO 105,BIO 130,2,2,3
BIO 110,BIO 130,1,0,1
BIO 110,CHEM 120,9,4,4
BIO 110,CHEM 150,1,0,0
BIO 110,MATH 110 ,1,0,1
BIO 110,MATH 120,2,0,5
BIO 110,PHYS 115,0,0,1
BIO 130 ,CHEM 120,6,5,10
BIO 130 ,CHEM 150,1,1,0
BIO 130 ,MATH 110 ,4,3,4
BIO 130 ,MATH 120,4,3,8
BIO 130 ,PHYS 115,0,0,1
CHEM 120 ,CHEM 150,0,1,0
CHEM 120 ,MATH 110 ,8,1,8
CHEM 150,MATH 110 ,0,1,0
CHEM 120 ,MATH 120,2,7,4
CHEM 120 ,PHYS 117,0,1,0
CHEM 120 ,PHYS 125,0,0,1
CHEM 120 ,PHYS 240,1,0,0
CHEM 150,MATH 120,1,1,0
CHEM 150,PHYS 115,2,0,0
CHEM 150,PHYS 125,1,0,0
MATH 120,PHYS 115,0,0,2
MATH 120,PHYS 117,5,4,3
Combination:,,Spring 2023,Spring 2022,Spring 2020
BIO 105,PHYS 125,1,1,0
BIO 105,MATH 120,0,0,1
BIO 105,MATH 110 ,0,0,1
BIO 105,CHEM 120,4,8,0
BIO 105,CHEM 150,1,0,0
BIO 105,BIO 130,2,2,3
BIO 110,BIO 130,1,0,1
BIO 110,CHEM 120,9,4,4
BIO 110,CHEM 150,1,0,0
BIO 110,MATH 110 ,1,0,1
BIO 110,MATH 120,2,0,5
BIO 110,PHYS 115,0,0,1
BIO 130 ,CHEM 120,6,5,10
BIO 130 ,CHEM 150,1,1,0
BIO 130 ,MATH 110 ,4,3,4
BIO 130 ,MATH 120,4,3,8
BIO 130 ,PHYS 115,0,0,1
CHEM 120 ,CHEM 150,0,1,0
CHEM 120 ,MATH 110 ,8,1,8
CHEM 150,MATH 110 ,0,1,0
CHEM 120 ,MATH 120,2,7,4
CHEM 120 ,PHYS 117,0,1,0
CHEM 120 ,PHYS 125,0,0,1
CHEM 120 ,PHYS 240,1,0,0
CHEM 150,MATH 120,1,1,0
CHEM 150,PHYS 115,2,0,0
CHEM 150,PHYS 125,1,0,0
MATH 120,PHYS 115,0,0,2
MATH 120,PHYS 117,5,4,3